{
    "action_mean": [
        0.5353502588922179,
        0.0075472428362910755,
        0.20022150495505822,
        0.04249856802642622
    ],
    "action_std": [
        0.0732507333865199,
        0.03538588027345969,
        0.0924609210157547,
        0.037727257871299144
    ],
    "action_min": [
        0.30011,
        -0.11476,
        0.06417,
        0.0
    ],
    "action_max": [
        0.71554,
        0.14425,
        0.52514,
        0.08
    ],
    "qpos_min": [
        0.407557195776136,
        -0.11386556149863576,
        0.07590213742665879,
        0.0
    ],
    "qpos_max": [
        0.7050826701959335,
        0.14644438668193896,
        0.4450559917876219,
        0.08
    ],
    "qpos_mean": [
        0.5350423220261378,
        0.007128009345689443,
        0.19337702975241045,
        0.0527424493990166
    ],
    "qpos_std": [
        0.07166158806240071,
        0.034635206467106036,
        0.08774265496157055,
        0.02056573992852442
    ]
}