{
    "action_mean": [
        0.6075233454449323,
        0.025269874810068045,
        0.16407713285327247,
        0.04759807425513108
    ],
    "action_std": [
        0.08549350353397757,
        0.03833900027866178,
        0.06773326995649061,
        0.03530777614908599
    ],
    "action_min": [
        0.39498999999999995,
        -0.11303,
        0.06032,
        0.0
    ],
    "action_max": [
        0.76972,
        0.13113,
        0.44402,
        0.08
    ],
    "qpos_min": [
        0.4065934702084942,
        -0.10907099990723518,
        0.0603098973197257,
        0.0
    ],
    "qpos_max": [
        0.7398589573590758,
        0.12017373740021475,
        0.44018581275726576,
        0.08
    ],
    "qpos_mean": [
        0.6123402726954599,
        0.025524505502543732,
        0.15886411635639333,
        0.05524594663710825
    ],
    "qpos_std": [
        0.08125700994750329,
        0.036759902717968515,
        0.06772581384626163,
        0.01995175021017766
    ]
}