{
    "action_mean": [
        0.6129514615305897,
        0.0032751110087988365,
        0.23740656742377822,
        0.05145336607326615
    ],
    "action_std": [
        0.08434975062940783,
        0.09509107343298276,
        0.15033957403623682,
        0.03742073714224655
    ],
    "action_min": [
        0.32999999999999996,
        -0.3398,
        0.0050100000000000006,
        0.0
    ],
    "action_max": [
        0.85493,
        0.2889,
        0.56093,
        0.08
    ],
    "qpos_min": [
        0.3578058979534216,
        -0.27425035944544096,
        0.01471996804887098,
        0.0
    ],
    "qpos_max": [
        0.7964097964618578,
        0.2623526176794156,
        0.5275128508555805,
        0.08
    ],
    "qpos_mean": [
        0.6266671841025813,
        0.0057915828318383595,
        0.23459991370600344,
        0.05103460439733284
    ],
    "qpos_std": [
        0.07160449228366968,
        0.08636497806270993,
        0.14761120399668273,
        0.03496185204082227
    ]
}