{
    "action_mean": [
        0.6128518101861293,
        0.0033066649621599354,
        0.23733993505829537,
        0.05146504397628381
    ],
    "action_std": [
        0.08447623924403393,
        0.0950844207715183,
        0.15034490532192984,
        0.03741753539457624
    ],
    "action_min": [
        0.32999999999999996,
        -0.3398,
        0.0050100000000000006,
        0.0
    ],
    "action_max": [
        0.85493,
        0.2889,
        0.56093,
        0.08
    ],
    "qpos_min": [
        0.3578058979534216,
        -0.27425035944544096,
        0.01471996804887098,
        0.0
    ],
    "qpos_max": [
        0.7964097964618578,
        0.2623526176794156,
        0.5275128508555805,
        0.08
    ],
    "qpos_mean": [
        0.6265663658980214,
        0.005824604751976485,
        0.23453182583486978,
        0.05104643523155828
    ],
    "qpos_std": [
        0.07176309891544415,
        0.08636274009488731,
        0.14761938220919998,
        0.03495959207880771
    ]
}