{
    "action_mean": [
        0.531713925882501,
        -0.041488953653418974,
        0.16290767526536729,
        0.040501500246851674
    ],
    "action_std": [
        0.06395039107035558,
        0.07054028843266047,
        0.07847147214413017,
        0.038258988918431415
    ],
    "action_min": [
        0.38469,
        -0.21817,
        0.05459,
        0.0
    ],
    "action_max": [
        0.67589,
        0.12089,
        0.4712,
        0.08
    ],
    "qpos_min": [
        0.3971757561827611,
        -0.21414526675363213,
        0.05978790488341117,
        0.0
    ],
    "qpos_max": [
        0.6733738602927474,
        0.12446563151303015,
        0.45945252847585616,
        0.08
    ],
    "qpos_mean": [
        0.534188931345596,
        -0.04116550516866022,
        0.15905419339173915,
        0.052229526104824855
    ],
    "qpos_std": [
        0.06246543609896475,
        0.06931362604774273,
        0.07804706937572001,
        0.020694569842163626
    ]
}