{
    "action_mean": [
        0.5314795692932142,
        -0.04020625056375233,
        0.16298741833644886,
        0.04043855872688668
    ],
    "action_std": [
        0.06446765760014384,
        0.07079787410154775,
        0.07840775529477216,
        0.03827201182107068
    ],
    "action_min": [
        0.38469,
        -0.21817,
        0.05459,
        0.0
    ],
    "action_max": [
        0.67589,
        0.12089,
        0.4712,
        0.08
    ],
    "qpos_min": [
        0.3971757561827611,
        -0.21414526675363213,
        0.05978790488341117,
        0.0
    ],
    "qpos_max": [
        0.6733738602927474,
        0.12446563151303015,
        0.45945252847585616,
        0.08
    ],
    "qpos_mean": [
        0.5339688590544257,
        -0.039860138185912296,
        0.15912652063766006,
        0.05220881494261489
    ],
    "qpos_std": [
        0.06292952791949245,
        0.06955293568026694,
        0.07797389694655188,
        0.020693169641018958
    ]
}