{
    "action_mean": [
        0.5715366767602751,
        -0.01090467040376845,
        0.14133883281326703,
        0.03196819557739729
    ],
    "action_std": [
        0.02752360228309497,
        0.07616298938596579,
        0.053484357128126096,
        0.03711364163800011
    ],
    "action_min": [
        0.39086,
        -0.18894287360061413,
        0.052069812803988154,
        0.0
    ],
    "action_max": [
        0.6392950056037126,
        0.13088655258993093,
        0.41363,
        0.08
    ],
    "qpos_min": [
        0.40004464602182654,
        -0.18534321599040524,
        0.08307814519114792,
        0.0
    ],
    "qpos_max": [
        0.6332627003629474,
        0.1331163022676404,
        0.4027892357040624,
        0.08
    ],
    "qpos_mean": [
        0.5735632408032219,
        -0.01064208776711663,
        0.14017044467410014,
        0.03404143133557674
    ],
    "qpos_std": [
        0.026189702983437854,
        0.0758330411546842,
        0.052433353015641004,
        0.030501141453002877
    ]
}