{
    "action_mean": [
        0.5757637482239251,
        -0.018101232041930888,
        0.13640879353351698,
        0.03822785008367424
    ],
    "action_std": [
        0.06003823120189576,
        0.062330266965258896,
        0.07570519186588726,
        0.03780342980908628
    ],
    "action_min": [
        0.39092,
        -0.21775,
        0.02225,
        0.0
    ],
    "action_max": [
        0.73543,
        0.13516,
        0.50623,
        0.08
    ],
    "qpos_min": [
        0.39152567448775516,
        -0.1823014744566102,
        0.05749123653648466,
        0.0
    ],
    "qpos_max": [
        0.7244925303177029,
        0.12888669295416855,
        0.5025537989552414,
        0.08
    ],
    "qpos_mean": [
        0.5773783907485313,
        -0.018276896773255863,
        0.13391648517175309,
        0.05080037861688408
    ],
    "qpos_std": [
        0.058739587449516004,
        0.060808834698033734,
        0.07676912804494215,
        0.020618583665428476
    ]
}